Workbook

Sheet Приборы учета
A1: Организация | B1: Номер помещения | C1: № счетчика | D1: Тип ресурса | E1: Коэффициент трансформации | F1: Показания на конец декабря | G1: Показания на конец января | H1: Потребление
A2: АО Эпсилон | B2: СТ-01,65 (WB) | C2: 23_11081511 | D2: ХВС | F2: 1.241 | G2: 1.882 | H2: =G2-F2 -> 0.641
C3: 23_11031554 | D3: ГВС | F3: 0.316 | G3: 0.407 | H3: =G3-F3 -> 0.091
C4: 47824789-23 | D4: Электричество | E4: 1 | F4: 163.8 | G4: 325.91 | H4: =G4-F4 -> 162.11
A5: АО Эпсилон | B5: СТ-01,73 (Monte Luxe) | C5: 25_15402002 | D5: ХВС | F5: 0.215 | G5: 0.215 | H5: =G5-F5 -> 0
C6: 25_15399810 | D6: ГВС | F6: 0.006 | G6: 0.006 | H6: =G6-F6 -> 0
C7: 48028167-23 | D7: Электричество | E7: 1 | F7: 4.47 | G7: 4.47 | H7: =G7-F7 -> 0
A8: АО Эпсилон | B8: СТ-6, 7, 8 (XFIT) | C8: 10960076 | D8: ХВС | F8: 0.01 | G8: 16.748 | H8: =G8-F8 -> 16.738
C9: 47947358-23 | D9: Электричество | E9: 120 | F9: 4698.17 | G9: 4752.17 | H9: =G9-F9 -> 54
C10: 47881859-23 | D10: Электричество | E10: 1 | F10: 2.81 | G10: 2.81 | H10: =G10-F10 -> 0
A11: АО Эпсилон | B11: СТ-06,28 (Айконлаб) | C11: 25_15145897 | D11: ХВС | F11: 4.897 | G11: 5.529 | H11: =G11-F11 -> 0.632
C12: 25_15145868 | D12: ГВС | F12: 0.249 | G12: 0.549 | H12: =G12-F12 -> 0.3
C13: 51662071-25 | D13: Электричество | E13: 1 | F13: 181.86 | G13: 316.9 | H13: =G13-F13 -> 135.04
A14: АО Эпсилон | B14: СТ-06,30 (СИТИМАРКЕТ) | C14: 51845989 | D14: Электричество | E14: 1 | F14: 13.74 | G14: 13.74 | H14: =G14-F14 -> 0
A15: АО Эпсилон | B15: СТ-06,34 (Surf Coffee) | C15: 25_15238052 | D15: ХВС | F15: 3.496 | G15: 3.681 | H15: =G15-F15 -> 0.185
C16: 25_15145861 | D16: ГВС | F16: 0.151 | G16: 0.162 | H16: =G16-F16 -> 0.011
C17: 51845988-25 | D17: Электричество | E17: 1 | F17: 300.07 | G17: 359.63 | H17: =G17-F17 -> 59.56
A18: АО Эпсилон | B18: СТ-06,38 (Лепим и Варим) | C18: 11081526 | D18: ХВС | F18: 0.04 | G18: 0.04 | H18: =G18-F18 -> 0
C19: 11081527 | D19: ГВС | F19: 0.013 | G19: 4.016 | H19: =G19-F19 -> 4.003
C20: 48028190 | D20: Электричество | E20: 1 | F20: 0 | G20: 33.46 | H20: =G20-F20 -> 33.46
C21: 47946993 | D21: Электричество | E21: 40 | F21: 0 | G21: 0.91 | H21: =G21-F21 -> 0.91
A22: АО Эпсилон | B22: СТ-06,39 (PHO NGON) | C22: 23_09540666 | D22: ХВС | F22: 9.234 | G22: 10.921 | H22: =G22-F22 -> 1.687
C23: 23_11081507 | D23: ГВС | F23: 0.032 | G23: 0.032 | H23: =G23-F23 -> 0
C24: 49555472-24 | D24: Электричество | E24: 50 | F24: 9.03 | G24: 10.91 | H24: =G24-F24 -> 1.88
A25: АО Эпсилон | B25: СТ-06,31 (СЭТ) | C25: 25_15141424 | D25: ХВС | F25: 1.34 | G25: 1.34 | H25: =G25-F25 -> 0
C26: 25_15140861 | D26: ГВС | F26: 0.419 | G26: 0.419 | H26: =G26-F26 -> 0
C27: 48028177-23 | D27: Электричество | E27: 1 | F27: 107.82 | G27: 107.82 | H27: =G27-F27 -> 0
A28: АО Эпсилон | B28: СТ-06,29 (Аптека 36,6) | C28: 48028229-23 | D28: Электричество | E28: 1 | F28: 569.2 | G28: 569.2 | H28: =G28-F28 -> 0
A29: АО Эпсилон | B29: СТ-06,35 (TAPIOKA) | C29: 25_15238042 | D29: ХВС | F29: 0.377 | G29: 0.377 | H29: =G29-F29 -> 0
C30: 25_15145848 | D30: ГВС | F30: 0.031 | G30: 0.031 | H30: =G30-F30 -> 0
C31: 47883613-23 | D31: Электричество | E31: 1 | F31: 9.16 | G31: 19.07 | H31: =G31-F31 -> 9.91
A32: ООО «Скайсити Эстейт Менеджмент» | B32: СТ-06,25 | C32: 11573565 | D32: ХВС | F32: 0 | G32: 0 | H32: =G32-F32 -> 0
C33: 23_11081985 | D33: ГВС | F33: 0.016 | G33: 0.016 | H33: =G33-F33 -> 0
C34: 45336943_21 | D34: Электричество | E34: 1 | F34: 0.33 | G34: 0.33 | H34: =G34-F34 -> 0
A35: ИП Чувелёв Алексей Николаевич | B35: Т2-12,16 | C35: 23_10968075 | D35: ХВС | F35: 1.33 | G35: 2.577 | H35: =G35-F35 -> 1.247
C36: 23_10968965 | D36: ГВС | F36: 0.174 | G36: 0.174 | H36: =G36-F36 -> 0
C37: 48028983_23 | D37: Электричество | E37: 1 | F37: 24.78 | G37: 92.67 | H37: =G37-F37 -> 67.89
A38: ООО «ПМ-1» | B38: Т2-12,17 | C38: 23_10971265 | D38: ХВС | F38: 0.039 | G38: 0.039 | H38: =G38-F38 -> 0
C39: 23_10968073 | D39: ГВС | F39: 0.398 | G39: 0.398 | H39: =G39-F39 -> 0
C40: 47883996_23 | D40: Электричество | E40: 1 | F40: 2818.89 | G40: 2818.89 | H40: =G40-F40 -> 0
A41: ООО «СТРУКТУРА ИНВЕСТ» | B41: Т2-12,18 | C41: 23_10971258 | D41: ХВС | F41: 0.108 | G41: 0.108 | H41: =G41-F41 -> 0
C42: 23_10970618 | D42: ГВС | F42: 0.01 | G42: 0.01 | H42: =G42-F42 -> 0
C43: 48028502_23 | D43: Электричество | E43: 1 | F43: 0.78 | G43: 0.78 | H43: =G43-F43 -> 0
A44: ИП Леонов Антон Александрович | B44: Т2-13,12 | C44: 23_10968018 | D44: ХВС | F44: 0.009 | G44: 0.009 | H44: =G44-F44 -> 0
C45: 23_10971551 | D45: ГВС | F45: 0.008 | G45: 0.008 | H45: =G45-F45 -> 0
C46: 40821843 | D46: Электричество | E46: 16 | F46: 0.67 | G46: 0.67 | H46: =G46-F46 -> 0
A47: ООО «НЦКМИ», ИП Ховрико Олеся Николаевна, ИП Раззорёнов Олег Юрьевич | B47: Т2-14,16 | C47: 23_11039674 | D47: ХВС | F47: 38.22 | G47: 38.22 | H47: =G47-F47 -> 0
C48: 23_10968020 | D48: ГВС | F48: 0.077 | G48: 0.077 | H48: =G48-F48 -> 0
C49: 48021837 | D49: Электричество | E49: 1 | F49: 1.73 | G49: 1.73 | H49: =G49-F49 -> 0
A50: ООО Торговый Дом «Кирово-Чепецкая Химическая компания» | B50: Т2-14,17 | C50: 23_10971112 | D50: ХВС | F50: 0.004 | G50: 0.004 | H50: =G50-F50 -> 0
C51: 23_10967997 | D51: ГВС | F51: 0.008 | G51: 0.008 | H51: =G51-F51 -> 0
C52: 48021878 | D52: Электричество | E52: 16 | F52: 1.21 | G52: 1.21 | H52: =G52-F52 -> 0
A53: ООО "МИКА" | B53: Т2-16,10 | C53: 11039489 | D53: ХВС | F53: 0.224 | G53: 6.28 | H53: =G53-F53 -> 6.056
C54: 11043830 | D54: ГВС | F54: 0.046 | G54: 0.46 | H54: =G54-F54 -> 0.414
C55: 48028483 | D55: Электричество | E55: 1 | F55: 15.02 | G55: 211.09 | H55: =G55-F55 -> 196.07
A56: ООО Флоресан | B56: Т2-16,13 | C56: 11039677 | D56: ХВС | F56: 0.044 | G56: 0.044 | H56: =G56-F56 -> 0
C57: 11039686 | D57: ГВС | F57: 0.016 | G57: 0.016 | H57: =G57-F57 -> 0
C58: 47944034 | D58: Электричество | E58: 1 | F58: 3.02 | G58: 3.02 | H58: =G58-F58 -> 0
A59: ООО «Перспектива» | B59: Т2-16,15 | C59: 11081562 | D59: ХВС | F59: 0.01 | G59: 0.01 | H59: =G59-F59 -> 0
C60: 11039709 | D60: ГВС | F60: 0.01 | G60: 0.01 | H60: =G60-F60 -> 0
C61: 48028578 | D61: Электричество | E61: 1 | F61: 1.27 | G61: 1.27 | H61: =G61-F61 -> 0
A62: ООО «Вербена Компани» | B62: N2-17,01 | C62: 10970954 | D62: ХВС | F62: 0.009 | G62: 3.109 | H62: =G62-F62 -> 3.1
C63: 10972469 | D63: ГВС | F63: 0.012 | G63: 0.026 | H63: =G63-F63 -> 0.014
C64: 47770778 | D64: Электричество | E64: 1 | F64: 0.7 | G64: 477.72 | H64: =G64-F64 -> 477.02
A65: ООО "Эстейт Инвест Плюс" | B65: Т2-17,13 | C65: 10966621 | D65: ХВС | F65: 0.17 | G65: 0.17 | H65: =G65-F65 -> 0
C66: 10972533 | D66: ГВС | F66: 0.4 | G66: 0.4 | H66: =G66-F66 -> 0
C67: 48028009 | D67: Электричество | E67: 1 | F67: 2.85 | G67: 2.85 | H67: =G67-F67 -> 0
A68: ООО «ФАЛЬКОН» | B68: Т2-17,14 | C68: 10967350 | D68: ХВС | F68: 0.21 | G68: 0.21 | H68: =G68-F68 -> 0
C69: 10968464 | D69: ГВС | F69: 0.23 | G69: 0.23 | H69: =G69-F69 -> 0
C70: 48027985 | D70: Электричество | E70: 1 | F70: 2.49 | G70: 2.49 | H70: =G70-F70 -> 0
A71: ООО "ПРЕСТИЖ-ПАК" | B71: Т2-18,01 | C71: 11466468 | D71: ХВС | F71: 0.01 | G71: 0.01 | H71: =G71-F71 -> 0
C72: 11466533 | D72: ГВС | F72: 0.015 | G72: 0.015 | H72: =G72-F72 -> 0
C73: 47132930 | D73: Электричество | E73: 1 | F73: 3.24 | G73: 3.24 | H73: =G73-F73 -> 0
A74: ИП Соболева Татьяна Алексеевна | B74: Т2-18,15 | C74: 11467006 | D74: ХВС | F74: 0.554 | G74: 0.554 | H74: =G74-F74 -> 0
C75: 11081566 | D75: ГВС | F75: 0.03 | G75: 0.03 | H75: =G75-F75 -> 0
C76: 47340969 | D76: Электричество | E76: 1 | F76: 1.03 | G76: 1.03 | H76: =G76-F76 -> 0
A77: ООО "Гофропак" | B77: Т2-18,16 | C77: 10968110 | D77: ХВС | F77: 0.18 | G77: 0.18 | H77: =G77-F77 -> 0
C78: 10968587 | D78: ГВС | F78: 0.06 | G78: 0.06 | H78: =G78-F78 -> 0
C79: 47314616 | D79: Электричество | E79: 1 | F79: 1.1 | G79: 1.1 | H79: =G79-F79 -> 0
A80: ИП Амиралиева Елена Юрьевна | B80: Т2-19,12 | C80: 11466755 | D80: ХВС | F80: 0.69 | G80: 0.69 | H80: =G80-F80 -> 0
C81: 11466680 | D81: ГВС | F81: 0.059 | G81: 0.059 | H81: =G81-F81 -> 0
C82: 47314696 | D82: Электричество | E82: 1 | F82: 1.78 | G82: 1.78 | H82: =G82-F82 -> 0
A83: ИП Зимин Иван Алексеевич | B83: Т2-19,16 | C83: 11466211 | D83: ХВС | F83: 0.01 | G83: 0.01 | H83: =G83-F83 -> 0
C84: 9008723 | D84: ГВС | F84: 0.01 | G84: 0.01 | H84: =G84-F84 -> 0
C85: 47315653 | D85: Электричество | E85: 1 | F85: 2.72 | G85: 2.72 | H85: =G85-F85 -> 0
A86: АБ Капитал ЗПИФ "СТАРЛИНГ" (ранее Скворцова) | B86: Т2-19,17 | C86: 11467281 | D86: ХВС | F86: 0.1 | G86: 0.1 | H86: =G86-F86 -> 0
C87: 11466462 | D87: ГВС | F87: 0.1 | G87: 0.1 | H87: =G87-F87 -> 0
C88: 47315655 | D88: Электричество | E88: 1 | F88: 0.93 | G88: 3.53 | H88: =G88-F88 -> 2.6
A89: ИП Богуж А.В. | B89: Т2-20,11 | C89: 11466808 | D89: ХВС | F89: 0.13 | G89: 0.13 | H89: =G89-F89 -> 0
C90: 11466666 | D90: ГВС | F90: 0.15 | G90: 0.15 | H90: =G90-F90 -> 0
C91: 48021964 | D91: Электричество | E91: 1 | F91: 0.73 | G91: 0.73 | H91: =G91-F91 -> 0
A92: ИП Пекуровский Илья Борисович | B92: Т2-20,13 | C92: 11466273 | D92: ХВС | F92: 76.7 | G92: 76.7 | H92: =G92-F92 -> 0
C93: 11466541 | D93: ГВС | F93: 0.28 | G93: 0.28 | H93: =G93-F93 -> 0
C94: 48021857 | D94: Электричество | E94: 1 | F94: 0.81 | G94: 0.81 | H94: =G94-F94 -> 0
A95: ООО «Шанс Трейд» | B95: Т2-21,01 | C95: 11466271 | D95: ХВС | F95: 0.26 | G95: 0.26 | H95: =G95-F95 -> 0
C96: 11466544 | D96: ГВС | F96: 0.08 | G96: 0.08 | H96: =G96-F96 -> 0
C97: 47823890 | D97: Электричество | E97: 1 | F97: 2.37 | G97: 2.37 | H97: =G97-F97 -> 0
A98: ООО «Шанс Трейд» | B98: Т2-21,15 | C98: 10967379 | D98: ХВС | F98: 0.045 | G98: 0.045 | H98: =G98-F98 -> 0
C99: 10970931 | D99: ГВС | F99: 0.038 | G99: 0.038 | H99: =G99-F99 -> 0
C100: 47823868 | D100: Электричество | E100: 1 | F100: 0.99 | G100: 0.99 | H100: =G100-F100 -> 0
...

Sheet Электроэнергия
A1: № счетчика | B1: Показание на начало периода | C1: Показание на конец периода | D1: Коэфф. тр. | E1: Потребление, кВт*ч
A2: ='Приборы учета'!$C$4 -> 47824789-23 | B2: ='Приборы учета'!F4 -> 163.8 | C2: ='Приборы учета'!G4 -> 325.91 | D2: ='Приборы учета'!$E$4 -> 1 | E2: =D2*(C2-B2) -> 162.11
A3: ='Приборы учета'!$C$7 -> 48028167-23 | B3: ='Приборы учета'!F7 -> 4.47 | C3: ='Приборы учета'!G7 -> 4.47 | D3: ='Приборы учета'!$E$7 -> 1 | E3: =D3*(C3-B3) -> 0
A4: ='Приборы учета'!C9 -> 47947358-23 | B4: ='Приборы учета'!F9 -> 4698.17 | C4: ='Приборы учета'!G9 -> 4752.17 | D4: ='Приборы учета'!E9 -> 120 | E4: =D4*(C4-B4) -> 6480
A5: ='Приборы учета'!C10 -> 47881859-23 | B5: ='Приборы учета'!F10 -> 2.81 | C5: ='Приборы учета'!G10 -> 2.81 | D5: ='Приборы учета'!E10 -> 1 | E5: =D5*(C5-B5) -> 0
A6: ='Приборы учета'!C13 -> 51662071-25 | B6: ='Приборы учета'!F13 -> 181.86 | C6: ='Приборы учета'!G13 -> 316.9 | D6: ='Приборы учета'!E13 -> 1 | E6: =D6*(C6-B6) -> 135.04
A7: ='Приборы учета'!C14 -> 51845989 | B7: ='Приборы учета'!F14 -> 13.74 | C7: ='Приборы учета'!G14 -> 13.74 | D7: ='Приборы учета'!E14 -> 1 | E7: =D7*(C7-B7) -> 0
A8: ='Приборы учета'!$C$17 -> 51845988-25 | B8: ='Приборы учета'!F17 -> 300.07 | C8: ='Приборы учета'!G17 -> 359.63 | D8: ='Приборы учета'!$E$17 -> 1 | E8: =D8*(C8-B8) -> 59.56
A9: ='Приборы учета'!C20 -> 48028190 | B9: ='Приборы учета'!F20 -> 0 | C9: ='Приборы учета'!G20 -> 33.46 | D9: ='Приборы учета'!E20 -> 1 | E9: =D9*(C9-B9) -> 33.46
A10: ='Приборы учета'!C21 -> 47946993 | B10: ='Приборы учета'!F21 -> 0 | C10: ='Приборы учета'!G21 -> 0.91 | D10: ='Приборы учета'!E21 -> 40 | E10: =D10*(C10-B10) -> 36.4
A11: ='Приборы учета'!$C$24 -> 49555472-24 | B11: ='Приборы учета'!F24 -> 9.03 | C11: ='Приборы учета'!G24 -> 10.91 | D11: ='Приборы учета'!$E$24 -> 50 | E11: =D11*(C11-B11) -> 94
A12: ='Приборы учета'!C27 -> 48028177-23 | B12: ='Приборы учета'!F27 -> 107.82 | C12: ='Приборы учета'!G27 -> 107.82 | D12: ='Приборы учета'!E27 -> 1 | E12: =D12*(C12-B12) -> 0
A13: ='Приборы учета'!C28 -> 48028229-23 | B13: ='Приборы учета'!F28 -> 569.2 | C13: ='Приборы учета'!G28 -> 569.2 | D13: ='Приборы учета'!E28 -> 1 | E13: =D13*(C13-B13) -> 0
A14: ='Приборы учета'!$C$31 -> 47883613-23 | B14: ='Приборы учета'!F31 -> 9.16 | C14: ='Приборы учета'!G31 -> 19.07 | D14: ='Приборы учета'!$E$31 -> 1 | E14: =D14*(C14-B14) -> 9.91
A15: ='Приборы учета'!$C$34 -> 45336943_21 | B15: ='Приборы учета'!F34 -> 0.33 | C15: ='Приборы учета'!G34 -> 0.33 | D15: ='Приборы учета'!$E$34 -> 1 | E15: =D15*(C15-B15) -> 0
A16: ='Приборы учета'!$C$37 -> 48028983_23 | B16: ='Приборы учета'!F37 -> 24.78 | C16: ='Приборы учета'!G37 -> 92.67 | D16: ='Приборы учета'!$E$37 -> 1 | E16: =D16*(C16-B16) -> 67.89
A17: ='Приборы учета'!$C$40 -> 47883996_23 | B17: ='Приборы учета'!F40 -> 2818.89 | C17: ='Приборы учета'!G40 -> 2818.89 | D17: ='Приборы учета'!$E$40 -> 1 | E17: =D17*(C17-B17) -> 0
A18: ='Приборы учета'!$C$43 -> 48028502_23 | B18: ='Приборы учета'!F43 -> 0.78 | C18: ='Приборы учета'!G43 -> 0.78 | D18: ='Приборы учета'!$E$43 -> 1 | E18: =D18*(C18-B18) -> 0
A19: ='Приборы учета'!$C$46 -> 40821843 | B19: ='Приборы учета'!F46 -> 0.67 | C19: ='Приборы учета'!G46 -> 0.67 | D19: ='Приборы учета'!$E$46 -> 16 | E19: =D19*(C19-B19) -> 0
A20: ='Приборы учета'!$C$49 -> 48021837 | B20: ='Приборы учета'!F49 -> 1.73 | C20: ='Приборы учета'!G49 -> 1.73 | D20: ='Приборы учета'!$E$49 -> 1 | E20: =D20*(C20-B20) -> 0
A21: ='Приборы учета'!$C$52 -> 48021878 | B21: ='Приборы учета'!F52 -> 1.21 | C21: ='Приборы учета'!G52 -> 1.21 | D21: ='Приборы учета'!$E$52 -> 16 | E21: =D21*(C21-B21) -> 0
A22: ='Приборы учета'!$C$55 -> 48028483 | B22: ='Приборы учета'!F55 -> 15.02 | C22: ='Приборы учета'!G55 -> 211.09 | D22: ='Приборы учета'!$E$55 -> 1 | E22: =D22*(C22-B22) -> 196.07
A23: ='Приборы учета'!$C$58 -> 47944034 | B23: ='Приборы учета'!F58 -> 3.02 | C23: ='Приборы учета'!G58 -> 3.02 | D23: ='Приборы учета'!$E$58 -> 1 | E23: =D23*(C23-B23) -> 0
A24: ='Приборы учета'!$C$61 -> 48028578 | B24: ='Приборы учета'!F61 -> 1.27 | C24: ='Приборы учета'!G61 -> 1.27 | D24: ='Приборы учета'!$E$61 -> 1 | E24: =D24*(C24-B24) -> 0
A25: ='Приборы учета'!$C$64 -> 47770778 | B25: ='Приборы учета'!F64 -> 0.7 | C25: ='Приборы учета'!G64 -> 477.72 | D25: ='Приборы учета'!$E$64 -> 1 | E25: =D25*(C25-B25) -> 477.02
A26: ='Приборы учета'!$C$67 -> 48028009 | B26: ='Приборы учета'!F67 -> 2.85 | C26: ='Приборы учета'!G67 -> 2.85 | D26: ='Приборы учета'!$E$67 -> 1 | E26: =D26*(C26-B26) -> 0
A27: ='Приборы учета'!$C$70 -> 48027985 | B27: ='Приборы учета'!F70 -> 2.49 | C27: ='Приборы учета'!G70 -> 2.49 | D27: ='Приборы учета'!$E$70 -> 1 | E27: =D27*(C27-B27) -> 0
A28: ='Приборы учета'!$C$73 -> 47132930 | B28: ='Приборы учета'!F73 -> 3.24 | C28: ='Приборы учета'!G73 -> 3.24 | D28: ='Приборы учета'!$E$73 -> 1 | E28: =D28*(C28-B28) -> 0
A29: ='Приборы учета'!$C$76 -> 47340969 | B29: ='Приборы учета'!F76 -> 1.03 | C29: ='Приборы учета'!G76 -> 1.03 | D29: ='Приборы учета'!$E$76 -> 1 | E29: =D29*(C29-B29) -> 0
A30: ='Приборы учета'!$C$79 -> 47314616 | B30: ='Приборы учета'!F79 -> 1.1 | C30: ='Приборы учета'!G79 -> 1.1 | D30: ='Приборы учета'!$E$79 -> 1 | E30: =D30*(C30-B30) -> 0
A31: ='Приборы учета'!$C$82 -> 47314696 | B31: ='Приборы учета'!F82 -> 1.78 | C31: ='Приборы учета'!G82 -> 1.78 | D31: ='Приборы учета'!$E$82 -> 1 | E31: =D31*(C31-B31) -> 0
A32: ='Приборы учета'!$C$85 -> 47315653 | B32: ='Приборы учета'!F85 -> 2.72 | C32: ='Приборы учета'!G85 -> 2.72 | D32: ='Приборы учета'!$E$85 -> 1 | E32: =D32*(C32-B32) -> 0
A33: ='Приборы учета'!$C$88 -> 47315655 | B33: ='Приборы учета'!F88 -> 0.93 | C33: ='Приборы учета'!G88 -> 3.53 | D33: ='Приборы учета'!$E$88 -> 1 | E33: =D33*(C33-B33) -> 2.6
A34: ='Приборы учета'!$C$91 -> 48021964 | B34: ='Приборы учета'!F91 -> 0.73 | C34: ='Приборы учета'!G91 -> 0.73 | D34: ='Приборы учета'!$E$91 -> 1 | E34: =D34*(C34-B34) -> 0
A35: ='Приборы учета'!$C$94 -> 48021857 | B35: ='Приборы учета'!F94 -> 0.81 | C35: ='Приборы учета'!G94 -> 0.81 | D35: ='Приборы учета'!$E$94 -> 1 | E35: =D35*(C35-B35) -> 0
A36: ='Приборы учета'!$C$97 -> 47823890 | B36: ='Приборы учета'!F97 -> 2.37 | C36: ='Приборы учета'!G97 -> 2.37 | D36: ='Приборы учета'!$E$97 -> 1 | E36: =D36*(C36-B36) -> 0
A37: ='Приборы учета'!$C$100 -> 47823868 | B37: ='Приборы учета'!F100 -> 0.99 | C37: ='Приборы учета'!G100 -> 0.99 | D37: ='Приборы учета'!$E$100 -> 1 | E37: =D37*(C37-B37) -> 0
A38: ='Приборы учета'!$C$103 -> 47944550 | B38: ='Приборы учета'!F103 -> 0.71 | C38: ='Приборы учета'!G103 -> 0.71 | D38: ='Приборы учета'!$E$103 -> 1 | E38: =D38*(C38-B38) -> 0
A39: ='Приборы учета'!$C$106 -> 47314611 | B39: ='Приборы учета'!F106 -> 133.97 | C39: ='Приборы учета'!G106 -> 219.76 | D39: ='Приборы учета'!$E$106 -> 1 | E39: =D39*(C39-B39) -> 85.79
A40: ='Приборы учета'!$C$109 -> 48028332 | B40: ='Приборы учета'!F109 -> 0.75 | C40: ='Приборы учета'!G109 -> 0.75 | D40: ='Приборы учета'!$E$109 -> 1 | E40: =D40*(C40-B40) -> 0
A41: ='Приборы учета'!$C$112 -> 48027747 | B41: ='Приборы учета'!F112 -> 417.41 | C41: ='Приборы учета'!G112 -> 773.14 | D41: ='Приборы учета'!$E$112 -> 1 | E41: =D41*(C41-B41) -> 355.73
A42: ='Приборы учета'!$C$115 -> 48027788 | B42: ='Приборы учета'!F115 -> 2.57 | C42: ='Приборы учета'!G115 -> 2.57 | D42: ='Приборы учета'!$E$115 -> 1 | E42: =D42*(C42-B42) -> 0
A43: ='Приборы учета'!$C$118 -> 48028402 | B43: ='Приборы учета'!F118 -> 1.3 | C43: ='Приборы учета'!G118 -> 1.3 | D43: ='Приборы учета'!$E$118 -> 1 | E43: =D43*(C43-B43) -> 0
A44: ='Приборы учета'!$C$121 -> 48022018 | B44: ='Приборы учета'!F121 -> 76.26 | C44: ='Приборы учета'!G121 -> 127.1 | D44: ='Приборы учета'!$E$121 -> 1 | E44: =D44*(C44-B44) -> 50.84
A45: ='Приборы учета'!$C$124 -> 48027797 | B45: ='Приборы учета'!F124 -> 1.32 | C45: ='Приборы учета'!G124 -> 1.32 | D45: ='Приборы учета'!$E$124 -> 1 | E45: =D45*(C45-B45) -> 0
A46: ='Приборы учета'!$C$127 -> 48028707 | B46: ='Приборы учета'!F127 -> 0.93 | C46: ='Приборы учета'!G127 -> 0.93 | D46: ='Приборы учета'!$E$127 -> 1 | E46: =D46*(C46-B46) -> 0
A47: ='Приборы учета'!$C$130 -> 48021950 | B47: ='Приборы учета'!F130 -> 15.15 | C47: ='Приборы учета'!G130 -> 294.27 | D47: ='Приборы учета'!$E$130 -> 1 | E47: =D47*(C47-B47) -> 279.12
A48: ='Приборы учета'!$C$133 -> 47823848 | B48: ='Приборы учета'!F133 -> 0.72 | C48: ='Приборы учета'!G133 -> 3 | D48: ='Приборы учета'!$E$133 -> 1 | E48: =D48*(C48-B48) -> 2.28
A49: ='Приборы учета'!$C$136 -> 48028378 | B49: ='Приборы учета'!F136 -> 22.42 | C49: ='Приборы учета'!G136 -> 22.42 | D49: ='Приборы учета'!$E$136 -> 1 | E49: =D49*(C49-B49) -> 0
A50: ='Приборы учета'!$C$139 -> 47315767 | B50: ='Приборы учета'!F139 -> 1.92 | C50: ='Приборы учета'!G139 -> 27.96 | D50: ='Приборы учета'!$E$139 -> 0 | E50: =D50*(C50-B50) -> 0
A51: ='Приборы учета'!$C$142 -> 48021961 | B51: ='Приборы учета'!F142 -> 498.59 | C51: ='Приборы учета'!G142 -> 986.23 | D51: ='Приборы учета'!$E$142 -> 1 | E51: =D51*(C51-B51) -> 487.64
A52: ='Приборы учета'!$C$145 -> 47824390 | B52: ='Приборы учета'!F145 -> 2.7 | C52: ='Приборы учета'!G145 -> 2.7 | D52: ='Приборы учета'!$E$145 -> 1 | E52: =D52*(C52-B52) -> 0
A53: ='Приборы учета'!$C$148 -> 47823845 | B53: ='Приборы учета'!F148 -> 2.37 | C53: ='Приборы учета'!G148 -> 2.37 | D53: ='Приборы учета'!$E$148 -> 1 | E53: =D53*(C53-B53) -> 0
A54: ='Приборы учета'!$C$151 -> 48028716 | B54: ='Приборы учета'!F151 -> 3.17 | C54: ='Приборы учета'!G151 -> 3.17 | D54: ='Приборы учета'!$E$151 -> 1 | E54: =D54*(C54-B54) -> 0
A55: ='Приборы учета'!$C$154 -> 48027758 | B55: ='Приборы учета'!F154 -> 112.93 | C55: ='Приборы учета'!G154 -> 628.92 | D55: ='Приборы учета'!$E$154 -> 1 | E55: =D55*(C55-B55) -> 515.99
A56: ='Приборы учета'!$C$157 -> 48022214 | B56: ='Приборы учета'!F157 -> 85.94 | C56: ='Приборы учета'!G157 -> 398.53 | D56: ='Приборы учета'!$E$157 -> 1 | E56: =D56*(C56-B56) -> 312.59
A57: ='Приборы учета'!$C$160 -> 47823918 | B57: ='Приборы учета'!F160 -> 2080.31 | C57: ='Приборы учета'!G160 -> 2080.31 | D57: ='Приборы учета'!$E$160 -> 1 | E57: =D57*(C57-B57) -> 0
A58: ='Приборы учета'!$C$163 -> 47823735 | B58: ='Приборы учета'!F163 -> 245.37 | C58: ='Приборы учета'!G163 -> 314.7 | D58: ='Приборы учета'!$E$163 -> 1 | E58: =D58*(C58-B58) -> 69.33
A59: ='Приборы учета'!$C$166 -> 47823838 | B59: ='Приборы учета'!F166 -> 3.65 | C59: ='Приборы учета'!G166 -> 3.65 | D59: ='Приборы учета'!$E$166 -> 1 | E59: =D59*(C59-B59) -> 0
A60: ='Приборы учета'!$C$169 -> 48027980 | B60: ='Приборы учета'!F169 -> 23.51 | C60: ='Приборы учета'!G169 -> 23.51 | D60: ='Приборы учета'!$E$169 -> 1 | E60: =D60*(C60-B60) -> 0
A61: ='Приборы учета'!$C$172 -> 47647148 | B61: ='Приборы учета'!F172 -> 437.91 | C61: ='Приборы учета'!G172 -> 1181.84 | D61: ='Приборы учета'!$E$172 -> 1 | E61: =D61*(C61-B61) -> 743.93
A62: ='Приборы учета'!$C$175 -> 48022115 | B62: ='Приборы учета'!F175 -> 206.79 | C62: ='Приборы учета'!G175 -> 544.24 | D62: ='Приборы учета'!$E$175 -> 1 | E62: =D62*(C62-B62) -> 337.45
A63: ='Приборы учета'!C186 -> 47947303 | B63: ='Приборы учета'!F186 -> 0.87 | C63: ='Приборы учета'!G186 -> 0.87 | D63: ='Приборы учета'!E186 -> 16 | E63: =D63*(C63-B63) -> 0
A64: ='Приборы учета'!C187 -> 47649491 | B64: ='Приборы учета'!F187 -> 0.45 | C64: ='Приборы учета'!G187 -> 0.45 | D64: ='Приборы учета'!E187 -> 30 | E64: =D64*(C64-B64) -> 0
A65: ='Приборы учета'!C198 -> 48030532 | B65: ='Приборы учета'!F198 -> 0.53 | C65: ='Приборы учета'!G198 -> 3.86 | D65: ='Приборы учета'!E198 -> 16 | E65: =D65*(C65-B65) -> 53.28
A66: ='Приборы учета'!C199 -> 47948016 | B66: ='Приборы учета'!F199 -> 178.75 | C66: ='Приборы учета'!G199 -> 189.23 | D66: ='Приборы учета'!E199 -> 30 | E66: =D66*(C66-B66) -> 314.4
A67: ='Приборы учета'!C210 -> 47947258_23 | B67: ='Приборы учета'!F210 -> 0.74 | C67: ='Приборы учета'!G210 -> 0.74 | D67: ='Приборы учета'!E210 -> 16 | E67: =D67*(C67-B67) -> 0
A68: ='Приборы учета'!C211 -> 47946518_23 | B68: ='Приборы учета'!F211 -> 129.86 | C68: ='Приборы учета'!G211 -> 177.48 | D68: ='Приборы учета'!E211 -> 30 | E68: =D68*(C68-B68) -> 1428.6
A69: ='Приборы учета'!C222 -> 48030373_23 | B69: ='Приборы учета'!F222 -> 0.65 | C69: ='Приборы учета'!G222 -> 0.65 | D69: ='Приборы учета'!E222 -> 16 | E69: =D69*(C69-B69) -> 0
A70: ='Приборы учета'!C223 -> 47947762-23 | B70: ='Приборы учета'!F223 -> 47.1 | C70: ='Приборы учета'!G223 -> 70.81 | D70: ='Приборы учета'!E223 -> 30 | E70: =D70*(C70-B70) -> 711.3
A71: ='Приборы учета'!C234 -> 47948445-23 | B71: ='Приборы учета'!F234 -> 49.67 | C71: ='Приборы учета'!G234 -> 74.49 | D71: ='Приборы учета'!E234 -> 30 | E71: =D71*(C71-B71) -> 744.6
A72: ='Приборы учета'!C235 -> 48030421-23 | B72: ='Приборы учета'!F235 -> 0.8 | C72: ='Приборы учета'!G235 -> 0.8 | D72: ='Приборы учета'!E235 -> 16 | E72: =D72*(C72-B72) -> 0
A73: ='Приборы учета'!C246 -> 47947519_23 | B73: ='Приборы учета'!F246 -> 0.59 | C73: ='Приборы учета'!G246 -> 0.59 | D73: ='Приборы учета'!E246 -> 16 | E73: =D73*(C73-B73) -> 0
A74: ='Приборы учета'!C247 -> 47948692-23 | B74: ='Приборы учета'!F247 -> 64.92 | C74: ='Приборы учета'!G247 -> 93.87 | D74: ='Приборы учета'!E247 -> 30 | E74: =D74*(C74-B74) -> 868.5
A75: ='Приборы учета'!C258 -> 47947261_23 | B75: ='Приборы учета'!F258 -> 0.61 | C75: ='Приборы учета'!G258 -> 0.61 | D75: ='Приборы учета'!E258 -> 16 | E75: =D75*(C75-B75) -> 0
A76: ='Приборы учета'!C259 -> 47946886-23 | B76: ='Приборы учета'!F259 -> 81.49 | C76: ='Приборы учета'!G259 -> 113.02 | D76: ='Приборы учета'!E259 -> 30 | E76: =D76*(C76-B76) -> 945.9
A77: ='Приборы учета'!C270 -> 47947375 | B77: ='Приборы учета'!F270 -> 0.81 | C77: ='Приборы учета'!G270 -> 435.26 | D77: ='Приборы учета'!E270 -> 16 | E77: =D77*(C77-B77) -> 6951.2
A78: ='Приборы учета'!C271 -> 47947374 | B78: ='Приборы учета'!F271 -> 0.77 | C78: ='Приборы учета'!G271 -> 0.77 | D78: ='Приборы учета'!E271 -> 30 | E78: =D78*(C78-B78) -> 0
A79: ='Приборы учета'!C282 -> 47947340 | B79: ='Приборы учета'!F282 -> 1.3 | C79: ='Приборы учета'!G282 -> 275.45 | D79: ='Приборы учета'!E282 -> 16 | E79: =D79*(C79-B79) -> 4386.4
A80: ='Приборы учета'!C283 -> 47772526 | B80: ='Приборы учета'!F283 -> 0.27 | C80: ='Приборы учета'!G283 -> 0.27 | D80: ='Приборы учета'!E283 -> 30 | E80: =D80*(C80-B80) -> 0
A81: ='Приборы учета'!C294 -> 47947310_23 | B81: ='Приборы учета'!F294 -> 0.65 | C81: ='Приборы учета'!G294 -> 0.65 | D81: ='Приборы учета'!E294 -> 16 | E81: =D81*(C81-B81) -> 0
A82: ='Приборы учета'!C295 -> 47948591-23 | B82: ='Приборы учета'!F295 -> 120.52 | C82: ='Приборы учета'!G295 -> 187.87 | D82: ='Приборы учета'!E295 -> 30 | E82: =D82*(C82-B82) -> 2020.5
A83: ='Приборы учета'!C306 -> 47946532-23 | B83: ='Приборы учета'!F306 -> 0.79 | C83: ='Приборы учета'!G306 -> 0.79 | D83: ='Приборы учета'!E306 -> 16 | E83: =D83*(C83-B83) -> 0
A84: ='Приборы учета'!C307 -> 47948662-23 | B84: ='Приборы учета'!F307 -> 1.11 | C84: ='Приборы учета'!G307 -> 1.11 | D84: ='Приборы учета'!E307 -> 30 | E84: =D84*(C84-B84) -> 0
A85: ='Приборы учета'!C318 -> 47946552 | B85: ='Приборы учета'!F318 -> 1.08 | C85: ='Приборы учета'!G318 -> 1.08 | D85: ='Приборы учета'!E318 -> 0 | E85: =D85*(C85-B85) -> 0
A86: ='Приборы учета'!C319 -> 47948509 | B86: ='Приборы учета'!F319 -> 0.48 | C86: ='Приборы учета'!G319 -> 0.48 | D86: ='Приборы учета'!E319 -> 0 | E86: =D86*(C86-B86) -> 0
A87: ='Приборы учета'!$C$322 -> 47314618-22 | B87: ='Приборы учета'!F322 -> 279.64 | C87: ='Приборы учета'!G322 -> 279.64 | D87: ='Приборы учета'!$E$322 -> 1 | E87: =D87*(C87-B87) -> 0
A88: ='Приборы учета'!$C$325 -> 47180054-22 | B88: ='Приборы учета'!F325 -> 5.94 | C88: ='Приборы учета'!G325 -> 5.94 | D88: ='Приборы учета'!$E$325 -> 1 | E88: =D88*(C88-B88) -> 0
A89: ='Приборы учета'!$C$328 -> 47315700-22 | B89: ='Приборы учета'!F328 -> 13.92 | C89: ='Приборы учета'!G328 -> 15.73 | D89: ='Приборы учета'!$E$328 -> 1 | E89: =D89*(C89-B89) -> 1.81
A90: ='Приборы учета'!$C$331 -> 47049629-22 | B90: ='Приборы учета'!F331 -> 3.58 | C90: ='Приборы учета'!G331 -> 5.46 | D90: ='Приборы учета'!$E$331 -> 1 | E90: =D90*(C90-B90) -> 1.88
A91: ='Приборы учета'!C340 -> 47947306-23 | B91: ='Приборы учета'!F340 -> 1.97 | C91: ='Приборы учета'!G340 -> 1.97 | D91: ='Приборы учета'!E340 -> 16 | E91: =D91*(C91-B91) -> 0
A92: ='Приборы учета'!C341 -> 51800909-25 | B92: ='Приборы учета'!F341 -> 0.47 | C92: ='Приборы учета'!G341 -> 0.47 | D92: ='Приборы учета'!E341 -> 30 | E92: =D92*(C92-B92) -> 0
A93: ='Приборы учета'!$C$344 -> 51801541-25 | B93: ='Приборы учета'!F344 -> 0.74 | C93: ='Приборы учета'!G344 -> 0.74 | D93: ='Приборы учета'!$E$344 -> 30 | E93: =D93*(C93-B93) -> 0
A94: ='Приборы учета'!C355 -> 48030399-23 | B94: ='Приборы учета'!F355 -> 54.41 | C94: ='Приборы учета'!G355 -> 199.65 | D94: ='Приборы учета'!E355 -> 16 | E94: =D94*(C94-B94) -> 2323.84
A95: ='Приборы учета'!C356 -> 49157787-24 | B95: ='Приборы учета'!F356 -> 0.88 | C95: ='Приборы учета'!G356 -> 0.88 | D95: ='Приборы учета'!E356 -> 30 | E95: =D95*(C95-B95) -> 0
A96: ='Приборы учета'!C367 -> 47947359-23 | B96: ='Приборы учета'!F367 -> 58.84 | C96: ='Приборы учета'!G367 -> 174.32 | D96: ='Приборы учета'!E367 -> 16 | E96: =D96*(C96-B96) -> 1847.68
A97: ='Приборы учета'!C368 -> 49242216-24 | B97: ='Приборы учета'!F368 -> 0.25 | C97: ='Приборы учета'!G368 -> 0.25 | D97: ='Приборы учета'!E368 -> 30 | E97: =D97*(C97-B97) -> 0
A98: ='Приборы учета'!C379 -> 47946855-23 | B98: ='Приборы учета'!F379 -> 0.6 | C98: ='Приборы учета'!G379 -> 0.6 | D98: ='Приборы учета'!E379 -> 16 | E98: =D98*(C98-B98) -> 0
A99: ='Приборы учета'!C380 -> 49242267-24 | B99: ='Приборы учета'!F380 -> 0.52 | C99: ='Приборы учета'!G380 -> 0.52 | D99: ='Приборы учета'!E380 -> 30 | E99: =D99*(C99-B99) -> 0
A100: ='Приборы учета'!C391 -> 47947450-23 | B100: ='Приборы учета'!F391 -> 0.49 | C100: ='Приборы учета'!G391 -> 0.49 | D100: ='Приборы учета'!E391 -> 16 | E100: =D100*(C100-B100) -> 0
...

Sheet ХВС
A1: № счетчика | B1: Показание на начало периода | C1: Показание на конец периода | D1: Потребление, м³
A2: ='Приборы учета'!$C$2 -> 23_11081511 | B2: ='Приборы учета'!$F$2 -> 1.241 | C2: ='Приборы учета'!$G$2 -> 1.882 | D2: =C2-B2 -> 0.641
A3: ='Приборы учета'!$C$5 -> 25_15402002 | B3: ='Приборы учета'!$F$5 -> 0.215 | C3: ='Приборы учета'!$G$5 -> 0.215 | D3: =C3-B3 -> 0
A4: ='Приборы учета'!$C$8 -> 10960076 | B4: ='Приборы учета'!$F$8 -> 0.01 | C4: ='Приборы учета'!$G$8 -> 16.748 | D4: =C4-B4 -> 16.738
A5: ='Приборы учета'!$C$11 -> 25_15145897 | B5: ='Приборы учета'!$F$11 -> 4.897 | C5: ='Приборы учета'!$G$11 -> 5.529 | D5: =C5-B5 -> 0.632
A6: ='Приборы учета'!$C$15 -> 25_15238052 | B6: ='Приборы учета'!$F$15 -> 3.496 | C6: ='Приборы учета'!$G$15 -> 3.681 | D6: =C6-B6 -> 0.185
A7: ='Приборы учета'!$C$18 -> 11081526 | B7: ='Приборы учета'!$F$18 -> 0.04 | C7: ='Приборы учета'!$G$18 -> 0.04 | D7: =C7-B7 -> 0
A8: ='Приборы учета'!$C$22 -> 23_09540666 | B8: ='Приборы учета'!$F$22 -> 9.234 | C8: ='Приборы учета'!$G$22 -> 10.921 | D8: =C8-B8 -> 1.687
A9: ='Приборы учета'!$C$25 -> 25_15141424 | B9: ='Приборы учета'!$F$25 -> 1.34 | C9: ='Приборы учета'!$G$25 -> 1.34 | D9: =C9-B9 -> 0
A10: ='Приборы учета'!$C$29 -> 25_15238042 | B10: ='Приборы учета'!$F$29 -> 0.377 | C10: ='Приборы учета'!$G$29 -> 0.377 | D10: =C10-B10 -> 0
A11: ='Приборы учета'!$C$32 -> 11573565 | B11: ='Приборы учета'!$F$32 -> 0 | C11: ='Приборы учета'!$G$32 -> 0 | D11: =C11-B11 -> 0
A12: ='Приборы учета'!$C$35 -> 23_10968075 | B12: ='Приборы учета'!$F$35 -> 1.33 | C12: ='Приборы учета'!$G$35 -> 2.577 | D12: =C12-B12 -> 1.247
A13: ='Приборы учета'!$C$38 -> 23_10971265 | B13: ='Приборы учета'!$F$38 -> 0.039 | C13: ='Приборы учета'!$G$38 -> 0.039 | D13: =C13-B13 -> 0
A14: ='Приборы учета'!$C$41 -> 23_10971258 | B14: ='Приборы учета'!$F$41 -> 0.108 | C14: ='Приборы учета'!$G$41 -> 0.108 | D14: =C14-B14 -> 0
A15: ='Приборы учета'!$C$44 -> 23_10968018 | B15: ='Приборы учета'!$F$44 -> 0.009 | C15: ='Приборы учета'!$G$44 -> 0.009 | D15: =C15-B15 -> 0
A16: ='Приборы учета'!$C$47 -> 23_11039674 | B16: ='Приборы учета'!$F$47 -> 38.22 | C16: ='Приборы учета'!$G$47 -> 38.22 | D16: =C16-B16 -> 0
A17: ='Приборы учета'!$C$50 -> 23_10971112 | B17: ='Приборы учета'!$F$50 -> 0.004 | C17: ='Приборы учета'!$G$50 -> 0.004 | D17: =C17-B17 -> 0
A18: ='Приборы учета'!$C$53 -> 11039489 | B18: ='Приборы учета'!$F$53 -> 0.224 | C18: ='Приборы учета'!$G$53 -> 6.28 | D18: =C18-B18 -> 6.056
A19: ='Приборы учета'!$C$56 -> 11039677 | B19: ='Приборы учета'!$F$56 -> 0.044 | C19: ='Приборы учета'!$G$56 -> 0.044 | D19: =C19-B19 -> 0
A20: ='Приборы учета'!$C$59 -> 11081562 | B20: ='Приборы учета'!$F$59 -> 0.01 | C20: ='Приборы учета'!$G$59 -> 0.01 | D20: =C20-B20 -> 0
A21: ='Приборы учета'!$C$62 -> 10970954 | B21: ='Приборы учета'!$F$62 -> 0.009 | C21: ='Приборы учета'!$G$62 -> 3.109 | D21: =C21-B21 -> 3.1
A22: ='Приборы учета'!$C$65 -> 10966621 | B22: ='Приборы учета'!$F$65 -> 0.17 | C22: ='Приборы учета'!$G$65 -> 0.17 | D22: =C22-B22 -> 0
A23: ='Приборы учета'!$C$68 -> 10967350 | B23: ='Приборы учета'!$F$68 -> 0.21 | C23: ='Приборы учета'!$G$68 -> 0.21 | D23: =C23-B23 -> 0
A24: ='Приборы учета'!$C$71 -> 11466468 | B24: ='Приборы учета'!$F$71 -> 0.01 | C24: ='Приборы учета'!$G$71 -> 0.01 | D24: =C24-B24 -> 0
A25: ='Приборы учета'!$C$74 -> 11467006 | B25: ='Приборы учета'!$F$74 -> 0.554 | C25: ='Приборы учета'!$G$74 -> 0.554 | D25: =C25-B25 -> 0
A26: ='Приборы учета'!$C$77 -> 10968110 | B26: ='Приборы учета'!$F$77 -> 0.18 | C26: ='Приборы учета'!$G$77 -> 0.18 | D26: =C26-B26 -> 0
A27: ='Приборы учета'!$C$80 -> 11466755 | B27: ='Приборы учета'!$F$80 -> 0.69 | C27: ='Приборы учета'!$G$80 -> 0.69 | D27: =C27-B27 -> 0
A28: ='Приборы учета'!$C$83 -> 11466211 | B28: ='Приборы учета'!$F$83 -> 0.01 | C28: ='Приборы учета'!$G$83 -> 0.01 | D28: =C28-B28 -> 0
A29: ='Приборы учета'!$C$86 -> 11467281 | B29: ='Приборы учета'!$F$86 -> 0.1 | C29: ='Приборы учета'!$G$86 -> 0.1 | D29: =C29-B29 -> 0
A30: ='Приборы учета'!$C$89 -> 11466808 | B30: ='Приборы учета'!$F$89 -> 0.13 | C30: ='Приборы учета'!$G$89 -> 0.13 | D30: =C30-B30 -> 0
A31: ='Приборы учета'!$C$92 -> 11466273 | B31: ='Приборы учета'!$F$92 -> 76.7 | C31: ='Приборы учета'!$G$92 -> 76.7 | D31: =C31-B31 -> 0
A32: ='Приборы учета'!$C$95 -> 11466271 | B32: ='Приборы учета'!$F$95 -> 0.26 | C32: ='Приборы учета'!$G$95 -> 0.26 | D32: =C32-B32 -> 0
A33: ='Приборы учета'!$C$98 -> 10967379 | B33: ='Приборы учета'!$F$98 -> 0.045 | C33: ='Приборы учета'!$G$98 -> 0.045 | D33: =C33-B33 -> 0
A34: ='Приборы учета'!$C$101 -> 11466271 | B34: ='Приборы учета'!$F$101 -> 0.42 | C34: ='Приборы учета'!$G$101 -> 0.42 | D34: =C34-B34 -> 0
A35: ='Приборы учета'!$C$104 -> 10970926 | B35: ='Приборы учета'!$F$104 -> 6.53 | C35: ='Приборы учета'!$G$104 -> 9.419 | D35: =C35-B35 -> 2.889
A36: ='Приборы учета'!$C$107 -> 12182321 | B36: ='Приборы учета'!$F$107 -> 0.019 | C36: ='Приборы учета'!$G$107 -> 0.019 | D36: =C36-B36 -> 0
A37: ='Приборы учета'!$C$110 -> 10969059 | B37: ='Приборы учета'!$F$110 -> 0 | C37: ='Приборы учета'!$G$110 -> 0 | D37: =C37-B37 -> 0
A38: ='Приборы учета'!$C$113 -> 10971175 | B38: ='Приборы учета'!$F$113 -> 0.22 | C38: ='Приборы учета'!$G$113 -> 0.22 | D38: =C38-B38 -> 0
A39: ='Приборы учета'!$C$116 -> 10971557 | B39: ='Приборы учета'!$F$116 -> 1.27 | C39: ='Приборы учета'!$G$116 -> 1.27 | D39: =C39-B39 -> 0
A40: ='Приборы учета'!$C$119 -> 10971296 | B40: ='Приборы учета'!$F$119 -> 0.514 | C40: ='Приборы учета'!$G$119 -> 0.514 | D40: =C40-B40 -> 0
A41: ='Приборы учета'!$C$122 -> 10972487 | B41: ='Приборы учета'!$F$122 -> 0.28 | C41: ='Приборы учета'!$G$122 -> 0.28 | D41: =C41-B41 -> 0
A42: ='Приборы учета'!$C$125 -> 10966660 | B42: ='Приборы учета'!$F$125 -> 0.014 | C42: ='Приборы учета'!$G$125 -> 0.014 | D42: =C42-B42 -> 0
A43: ='Приборы учета'!$C$128 -> 10970885 | B43: ='Приборы учета'!$F$128 -> 0.13 | C43: ='Приборы учета'!$G$128 -> 2.102 | D43: =C43-B43 -> 1.972
A44: ='Приборы учета'!$C$131 -> 10971209 | B44: ='Приборы учета'!$F$131 -> 0.9 | C44: ='Приборы учета'!$G$131 -> 0.9 | D44: =C44-B44 -> 0
A45: ='Приборы учета'!$C$134 -> 10972490 | B45: ='Приборы учета'!$F$134 -> 0.37 | C45: ='Приборы учета'!$G$134 -> 0.37 | D45: =C45-B45 -> 0
A46: ='Приборы учета'!$C$137 -> 10968101 | B46: ='Приборы учета'!$F$137 -> 0.069 | C46: ='Приборы учета'!$G$137 -> 0.069 | D46: =C46-B46 -> 0
A47: ='Приборы учета'!$C$140 -> 10971780 | B47: ='Приборы учета'!$F$140 -> 3.204 | C47: ='Приборы учета'!$G$140 -> 8.18 | D47: =C47-B47 -> 4.976
A48: ='Приборы учета'!$C$143 -> 10971929 | B48: ='Приборы учета'!$F$143 -> 0.171 | C48: ='Приборы учета'!$G$143 -> 0.171 | D48: =C48-B48 -> 0
A49: ='Приборы учета'!$C$146 -> 10970517 | B49: ='Приборы учета'!$F$146 -> 0.7 | C49: ='Приборы учета'!$G$146 -> 0.7 | D49: =C49-B49 -> 0
A50: ='Приборы учета'!$C$149 -> 10969708 | B50: ='Приборы учета'!$F$149 -> 0.09 | C50: ='Приборы учета'!$G$149 -> 0.09 | D50: =C50-B50 -> 0
A51: ='Приборы учета'!$C$152 -> 10971779 | B51: ='Приборы учета'!$F$152 -> 3.29 | C51: ='Приборы учета'!$G$152 -> 5.654 | D51: =C51-B51 -> 2.364
A52: ='Приборы учета'!$C$155 -> 10968405 | B52: ='Приборы учета'!$F$155 -> 3.85 | C52: ='Приборы учета'!$G$155 -> 5.534 | D52: =C52-B52 -> 1.684
A53: ='Приборы учета'!$C$158 -> 10968104 | B53: ='Приборы учета'!$F$158 -> 7.309 | C53: ='Приборы учета'!$G$158 -> 7.309 | D53: =C53-B53 -> 0
A54: ='Приборы учета'!$C$161 -> 11466861 | B54: ='Приборы учета'!$F$161 -> 2.638 | C54: ='Приборы учета'!$G$161 -> 3.09 | D54: =C54-B54 -> 0.452
A55: ='Приборы учета'!$C$164 -> 10971797 | B55: ='Приборы учета'!$F$164 -> 0.01 | C55: ='Приборы учета'!$G$164 -> 0.01 | D55: =C55-B55 -> 0
A56: ='Приборы учета'!$C$167 -> 10972565 | B56: ='Приборы учета'!$F$167 -> 0.25 | C56: ='Приборы учета'!$G$167 -> 0.25 | D56: =C56-B56 -> 0
A57: ='Приборы учета'!$C$170 -> 11466848 | B57: ='Приборы учета'!$F$170 -> 34.065 | C57: ='Приборы учета'!$G$170 -> 52.168 | D57: =C57-B57 -> 18.103
A58: ='Приборы учета'!$C$173 -> 23_11466674 | B58: ='Приборы учета'!$F$173 -> 17.947 | C58: ='Приборы учета'!$G$173 -> 45.452 | D58: =C58-B58 -> 27.505
A59: ='Приборы учета'!C176 -> 11466657 | B59: ='Приборы учета'!F176 -> 182.08 | C59: ='Приборы учета'!G176 -> 182.08 | D59: =C59-B59 -> 0
A60: ='Приборы учета'!C177 -> 11466742 | B60: ='Приборы учета'!F177 -> 0.072 | C60: ='Приборы учета'!G177 -> 0.072 | D60: =C60-B60 -> 0
A61: ='Приборы учета'!C178 -> 11466934 | B61: ='Приборы учета'!F178 -> 0.042 | C61: ='Приборы учета'!G178 -> 0.042 | D61: =C61-B61 -> 0
A62: ='Приборы учета'!C179 -> 10971489 | B62: ='Приборы учета'!F179 -> 0.741 | C62: ='Приборы учета'!G179 -> 0.741 | D62: =C62-B62 -> 0
A63: ='Приборы учета'!C180 -> 10971173 | B63: ='Приборы учета'!F180 -> 0.898 | C63: ='Приборы учета'!G180 -> 0.898 | D63: =C63-B63 -> 0
A64: ='Приборы учета'!C188 -> 11466798 | B64: ='Приборы учета'!F188 -> 0.091 | C64: ='Приборы учета'!G188 -> 0.091 | D64: =C64-B64 -> 0
A65: ='Приборы учета'!C189 -> 11466926 | B65: ='Приборы учета'!F189 -> 0.039 | C65: ='Приборы учета'!G189 -> 0.039 | D65: =C65-B65 -> 0
A66: ='Приборы учета'!C190 -> 11466748 | B66: ='Приборы учета'!F190 -> 0.044 | C66: ='Приборы учета'!G190 -> 0.044 | D66: =C66-B66 -> 0
A67: ='Приборы учета'!C191 -> 10972574 | B67: ='Приборы учета'!F191 -> 1.886 | C67: ='Приборы учета'!G191 -> 1.886 | D67: =C67-B67 -> 0
A68: ='Приборы учета'!C192 -> 11466744 | B68: ='Приборы учета'!F192 -> 2.106 | C68: ='Приборы учета'!G192 -> 3.248 | D68: =C68-B68 -> 1.142
A69: ='Приборы учета'!C200 -> 23_10824233 | B69: ='Приборы учета'!F200 -> 0.274 | C69: ='Приборы учета'!G200 -> 6.308 | D69: =C69-B69 -> 6.034
A70: ='Приборы учета'!C201 -> 23_11078036 | B70: ='Приборы учета'!F201 -> 0.18 | C70: ='Приборы учета'!G201 -> 0.18 | D70: =C70-B70 -> 0
A71: ='Приборы учета'!C202 -> 23_10979133 | B71: ='Приборы учета'!F202 -> 65.498 | C71: ='Приборы учета'!G202 -> 93.267 | D71: =C71-B71 -> 27.769
A72: ='Приборы учета'!C203 -> 23_11078043 | B72: ='Приборы учета'!F203 -> 275.303 | C72: ='Приборы учета'!G203 -> 275.636 | D72: =C72-B72 -> 0.333
A73: ='Приборы учета'!C204 -> 23_10971007 | B73: ='Приборы учета'!F204 -> 5.755 | C73: ='Приборы учета'!G204 -> 7.874 | D73: =C73-B73 -> 2.119
A74: ='Приборы учета'!C212 -> 23_10971323 | B74: ='Приборы учета'!F212 -> 1.337 | C74: ='Приборы учета'!G212 -> 1.347 | D74: =C74-B74 -> 0.01
A75: ='Приборы учета'!C213 -> 23_10966639 | B75: ='Приборы учета'!F213 -> 0.104 | C75: ='Приборы учета'!G213 -> 0.148 | D75: =C75-B75 -> 0.044
A76: ='Приборы учета'!C214 -> 23_10971688 | B76: ='Приборы учета'!F214 -> 9.747 | C76: ='Приборы учета'!G214 -> 18.414 | D76: =C76-B76 -> 8.667
A77: ='Приборы учета'!C215 -> 23_10966648 | B77: ='Приборы учета'!F215 -> 0.369 | C77: ='Приборы учета'!G215 -> 0.372 | D77: =C77-B77 -> 0.003
A78: ='Приборы учета'!C216 -> 23_10966644 | B78: ='Приборы учета'!F216 -> 424.709 | C78: ='Приборы учета'!G216 -> 424.709 | D78: =C78-B78 -> 0
A79: ='Приборы учета'!C224 -> 23_11466577 | B79: ='Приборы учета'!F224 -> 0.106 | C79: ='Приборы учета'!G224 -> 0.106 | D79: =C79-B79 -> 0
A80: ='Приборы учета'!C225 -> 23_10971403 | B80: ='Приборы учета'!F225 -> 0.558 | C80: ='Приборы учета'!G225 -> 0.558 | D80: =C80-B80 -> 0
A81: ='Приборы учета'!C226 -> 23_11466677 | B81: ='Приборы учета'!F226 -> 21.537 | C81: ='Приборы учета'!G226 -> 22.218 | D81: =C81-B81 -> 0.681
A82: ='Приборы учета'!C227 -> 23_11466826 | B82: ='Приборы учета'!F227 -> 0.543 | C82: ='Приборы учета'!G227 -> 0.543 | D82: =C82-B82 -> 0
A83: ='Приборы учета'!C228 -> 23_11466563 | B83: ='Приборы учета'!F228 -> 0.217 | C83: ='Приборы учета'!G228 -> 0.217 | D83: =C83-B83 -> 0
A84: ='Приборы учета'!C236 -> 23_11466569 | B84: ='Приборы учета'!F236 -> 0.053 | C84: ='Приборы учета'!G236 -> 0.053 | D84: =C84-B84 -> 0
A85: ='Приборы учета'!C237 -> 23_11032786 | B85: ='Приборы учета'!F237 -> 0.415 | C85: ='Приборы учета'!G237 -> 0.415 | D85: =C85-B85 -> 0
A86: ='Приборы учета'!C238 -> 23_11466566 | B86: ='Приборы учета'!F238 -> 31.408 | C86: ='Приборы учета'!G238 -> 31.408 | D86: =C86-B86 -> 0
A87: ='Приборы учета'!C239 -> 23_11466556 | B87: ='Приборы учета'!F239 -> 0.861 | C87: ='Приборы учета'!G239 -> 0.861 | D87: =C87-B87 -> 0
A88: ='Приборы учета'!C240 -> 23_11466572 | B88: ='Приборы учета'!F240 -> 0.029 | C88: ='Приборы учета'!G240 -> 0.029 | D88: =C88-B88 -> 0
A89: ='Приборы учета'!C248 -> 23_11029408 | B89: ='Приборы учета'!F248 -> 0.314 | C89: ='Приборы учета'!G248 -> 0.314 | D89: =C89-B89 -> 0
A90: ='Приборы учета'!C249 -> 23_11466819 | B90: ='Приборы учета'!F249 -> 13.546 | C90: ='Приборы учета'!G249 -> 16.548 | D90: =C90-B90 -> 3.002
A91: ='Приборы учета'!C250 -> 23_10975535 | B91: ='Приборы учета'!F250 -> 15.249 | C91: ='Приборы учета'!G250 -> 15.249 | D91: =C91-B91 -> 0
A92: ='Приборы учета'!C251 -> 23_11029430 | B92: ='Приборы учета'!F251 -> 0.064 | C92: ='Приборы учета'!G251 -> 0.064 | D92: =C92-B92 -> 0
A93: ='Приборы учета'!C252 -> 23_10985057 | B93: ='Приборы учета'!F252 -> 528.596 | C93: ='Приборы учета'!G252 -> 528.596 | D93: =C93-B93 -> 0
A94: ='Приборы учета'!C260 -> 10824220 | B94: ='Приборы учета'!F260 -> 1.469 | C94: ='Приборы учета'!G260 -> 5.335 | D94: =C94-B94 -> 3.866
A95: ='Приборы учета'!C261 -> 11032780 | B95: ='Приборы учета'!F261 -> 0.71 | C95: ='Приборы учета'!G261 -> 40.177 | D95: =C95-B95 -> 39.467
A96: ='Приборы учета'!C262 -> 11031165 | B96: ='Приборы учета'!F262 -> 0.399 | C96: ='Приборы учета'!G262 -> 0.399 | D96: =C96-B96 -> 0
A97: ='Приборы учета'!C263 -> 10824206 | B97: ='Приборы учета'!F263 -> 0.126 | C97: ='Приборы учета'!G263 -> 0.126 | D97: =C97-B97 -> 0
A98: ='Приборы учета'!C264 -> 10975449 | B98: ='Приборы учета'!F264 -> 0.552 | C98: ='Приборы учета'!G264 -> 0.552 | D98: =C98-B98 -> 0
A99: ='Приборы учета'!C272 -> 11039714 | B99: ='Приборы учета'!F272 -> 9.006 | C99: ='Приборы учета'!G272 -> 9.901 | D99: =C99-B99 -> 0.895
A100: ='Приборы учета'!C273 -> 11078024 | B100: ='Приборы учета'!F273 -> 0.145 | C100: ='Приборы учета'!G273 -> 37.582 | D100: =C100-B100 -> 37.437
...

Sheet ГВС
A1: № счетчика | B1: Показание на начало периода | C1: Показание на конец периода | D1: Потребление, м³
A2: ='Приборы учета'!$C$3 -> 23_11031554 | B2: ='Приборы учета'!F3 -> 0.316 | C2: ='Приборы учета'!G3 -> 0.407 | D2: =C2-B2 -> 0.091
A3: ='Приборы учета'!$C$6 -> 25_15399810 | B3: ='Приборы учета'!F6 -> 0.006 | C3: ='Приборы учета'!G6 -> 0.006 | D3: =C3-B3 -> 0
A4: ='Приборы учета'!$C$12 -> 25_15145868 | B4: ='Приборы учета'!F12 -> 0.249 | C4: ='Приборы учета'!G12 -> 0.549 | D4: =C4-B4 -> 0.3
A5: ='Приборы учета'!$C$16 -> 25_15145861 | B5: ='Приборы учета'!F16 -> 0.151 | C5: ='Приборы учета'!G16 -> 0.162 | D5: =C5-B5 -> 0.011
A6: ='Приборы учета'!$C$19 -> 11081527 | B6: ='Приборы учета'!F19 -> 0.013 | C6: ='Приборы учета'!G19 -> 4.016 | D6: =C6-B6 -> 4.003
A7: ='Приборы учета'!$C$23 -> 23_11081507 | B7: ='Приборы учета'!F23 -> 0.032 | C7: ='Приборы учета'!G23 -> 0.032 | D7: =C7-B7 -> 0
A8: ='Приборы учета'!$C$26 -> 25_15140861 | B8: ='Приборы учета'!F26 -> 0.419 | C8: ='Приборы учета'!G26 -> 0.419 | D8: =C8-B8 -> 0
A9: ='Приборы учета'!$C$30 -> 25_15145848 | B9: ='Приборы учета'!F30 -> 0.031 | C9: ='Приборы учета'!G30 -> 0.031 | D9: =C9-B9 -> 0
A10: ='Приборы учета'!$C$33 -> 23_11081985 | B10: ='Приборы учета'!F33 -> 0.016 | C10: ='Приборы учета'!G33 -> 0.016 | D10: =C10-B10 -> 0
A11: ='Приборы учета'!$C$36 -> 23_10968965 | B11: ='Приборы учета'!F36 -> 0.174 | C11: ='Приборы учета'!G36 -> 0.174 | D11: =C11-B11 -> 0
A12: ='Приборы учета'!$C$39 -> 23_10968073 | B12: ='Приборы учета'!F39 -> 0.398 | C12: ='Приборы учета'!G39 -> 0.398 | D12: =C12-B12 -> 0
A13: ='Приборы учета'!$C$42 -> 23_10970618 | B13: ='Приборы учета'!F42 -> 0.01 | C13: ='Приборы учета'!G42 -> 0.01 | D13: =C13-B13 -> 0
A14: ='Приборы учета'!$C$45 -> 23_10971551 | B14: ='Приборы учета'!F45 -> 0.008 | C14: ='Приборы учета'!G45 -> 0.008 | D14: =C14-B14 -> 0
A15: ='Приборы учета'!$C$48 -> 23_10968020 | B15: ='Приборы учета'!F48 -> 0.077 | C15: ='Приборы учета'!G48 -> 0.077 | D15: =C15-B15 -> 0
A16: ='Приборы учета'!$C$51 -> 23_10967997 | B16: ='Приборы учета'!F51 -> 0.008 | C16: ='Приборы учета'!G51 -> 0.008 | D16: =C16-B16 -> 0
A17: ='Приборы учета'!$C$54 -> 11043830 | B17: ='Приборы учета'!F54 -> 0.046 | C17: ='Приборы учета'!G54 -> 0.46 | D17: =C17-B17 -> 0.414
A18: ='Приборы учета'!$C$57 -> 11039686 | B18: ='Приборы учета'!F57 -> 0.016 | C18: ='Приборы учета'!G57 -> 0.016 | D18: =C18-B18 -> 0
A19: ='Приборы учета'!$C$60 -> 11039709 | B19: ='Приборы учета'!F60 -> 0.01 | C19: ='Приборы учета'!G60 -> 0.01 | D19: =C19-B19 -> 0
A20: ='Приборы учета'!$C$63 -> 10972469 | B20: ='Приборы учета'!F63 -> 0.012 | C20: ='Приборы учета'!G63 -> 0.026 | D20: =C20-B20 -> 0.014
A21: ='Приборы учета'!$C$66 -> 10972533 | B21: ='Приборы учета'!F66 -> 0.4 | C21: ='Приборы учета'!G66 -> 0.4 | D21: =C21-B21 -> 0
A22: ='Приборы учета'!$C$69 -> 10968464 | B22: ='Приборы учета'!F69 -> 0.23 | C22: ='Приборы учета'!G69 -> 0.23 | D22: =C22-B22 -> 0
A23: ='Приборы учета'!$C$72 -> 11466533 | B23: ='Приборы учета'!F72 -> 0.015 | C23: ='Приборы учета'!G72 -> 0.015 | D23: =C23-B23 -> 0
A24: ='Приборы учета'!$C$75 -> 11081566 | B24: ='Приборы учета'!F75 -> 0.03 | C24: ='Приборы учета'!G75 -> 0.03 | D24: =C24-B24 -> 0
A25: ='Приборы учета'!$C$78 -> 10968587 | B25: ='Приборы учета'!F78 -> 0.06 | C25: ='Приборы учета'!G78 -> 0.06 | D25: =C25-B25 -> 0
A26: ='Приборы учета'!$C$81 -> 11466680 | B26: ='Приборы учета'!F81 -> 0.059 | C26: ='Приборы учета'!G81 -> 0.059 | D26: =C26-B26 -> 0
A27: ='Приборы учета'!$C$84 -> 9008723 | B27: ='Приборы учета'!F84 -> 0.01 | C27: ='Приборы учета'!G84 -> 0.01 | D27: =C27-B27 -> 0
A28: ='Приборы учета'!$C$87 -> 11466462 | B28: ='Приборы учета'!F87 -> 0.1 | C28: ='Приборы учета'!G87 -> 0.1 | D28: =C28-B28 -> 0
A29: ='Приборы учета'!$C$90 -> 11466666 | B29: ='Приборы учета'!F90 -> 0.15 | C29: ='Приборы учета'!G90 -> 0.15 | D29: =C29-B29 -> 0
A30: ='Приборы учета'!$C$93 -> 11466541 | B30: ='Приборы учета'!F93 -> 0.28 | C30: ='Приборы учета'!G93 -> 0.28 | D30: =C30-B30 -> 0
A31: ='Приборы учета'!$C$96 -> 11466544 | B31: ='Приборы учета'!F96 -> 0.08 | C31: ='Приборы учета'!G96 -> 0.08 | D31: =C31-B31 -> 0
A32: ='Приборы учета'!$C$99 -> 10970931 | B32: ='Приборы учета'!F99 -> 0.038 | C32: ='Приборы учета'!G99 -> 0.038 | D32: =C32-B32 -> 0
A33: ='Приборы учета'!$C$102 -> 11466269 | B33: ='Приборы учета'!F102 -> 0.16 | C33: ='Приборы учета'!G102 -> 0.16 | D33: =C33-B33 -> 0
A34: ='Приборы учета'!$C$105 -> 10967261 | B34: ='Приборы учета'!F105 -> 1.682 | C34: ='Приборы учета'!G105 -> 2.103 | D34: =C34-B34 -> 0.421
A35: ='Приборы учета'!$C$108 -> 12189381 | B35: ='Приборы учета'!F108 -> 0.049 | C35: ='Приборы учета'!G108 -> 0.049 | D35: =C35-B35 -> 0
A36: ='Приборы учета'!$C$111 -> 10971556 | B36: ='Приборы учета'!F111 -> 0 | C36: ='Приборы учета'!G111 -> 0 | D36: =C36-B36 -> 0
A37: ='Приборы учета'!$C$114 -> 10969710 | B37: ='Приборы учета'!F114 -> 0.26 | C37: ='Приборы учета'!G114 -> 0.26 | D37: =C37-B37 -> 0
A38: ='Приборы учета'!$C$117 -> 10971560 | B38: ='Приборы учета'!F117 -> 0.316 | C38: ='Приборы учета'!G117 -> 0.316 | D38: =C38-B38 -> 0
A39: ='Приборы учета'!$C$120 -> 10966630 | B39: ='Приборы учета'!F120 -> 0.36 | C39: ='Приборы учета'!G120 -> 0.36 | D39: =C39-B39 -> 0
A40: ='Приборы учета'!$C$123 -> 10971759 | B40: ='Приборы учета'!F123 -> 0.88 | C40: ='Приборы учета'!G123 -> 0.88 | D40: =C40-B40 -> 0
A41: ='Приборы учета'!$C$126 -> 10971756 | B41: ='Приборы учета'!F126 -> 0.17 | C41: ='Приборы учета'!G126 -> 0.17 | D41: =C41-B41 -> 0
A42: ='Приборы учета'!$C$129 -> 10972648 | B42: ='Приборы учета'!F129 -> 0.298 | C42: ='Приборы учета'!G129 -> 0.298 | D42: =C42-B42 -> 0
A43: ='Приборы учета'!$C$132 -> 10970513 | B43: ='Приборы учета'!F132 -> 0.6 | C43: ='Приборы учета'!G132 -> 0.6 | D43: =C43-B43 -> 0
A44: ='Приборы учета'!$C$135 -> 10966658 | B44: ='Приборы учета'!F135 -> 2.6 | C44: ='Приборы учета'!G135 -> 2.6 | D44: =C44-B44 -> 0
A45: ='Приборы учета'!$C$138 -> 10968402 | B45: ='Приборы учета'!F138 -> 0.252 | C45: ='Приборы учета'!G138 -> 0.252 | D45: =C45-B45 -> 0
A46: ='Приборы учета'!$C$141 -> 10968011 | B46: ='Приборы учета'!F141 -> 0.619 | C46: ='Приборы учета'!G141 -> 4.888 | D46: =C46-B46 -> 4.269
A47: ='Приборы учета'!$C$144 -> 10971938 | B47: ='Приборы учета'!F144 -> 0.286 | C47: ='Приборы учета'!G144 -> 0.286 | D47: =C47-B47 -> 0
A48: ='Приборы учета'!$C$147 -> 10968006 | B48: ='Приборы учета'!F147 -> 2.505 | C48: ='Приборы учета'!G147 -> 2.505 | D48: =C48-B48 -> 0
A49: ='Приборы учета'!$C$150 -> 10968012 | B49: ='Приборы учета'!F150 -> 0.06 | C49: ='Приборы учета'!G150 -> 0.06 | D49: =C49-B49 -> 0
A50: ='Приборы учета'!$C$153 -> 10972512 | B50: ='Приборы учета'!F153 -> 14.48 | C50: ='Приборы учета'!G153 -> 15.051 | D50: =C50-B50 -> 0.571
A51: ='Приборы учета'!$C$156 -> 10968170 | B51: ='Приборы учета'!F156 -> 1.49 | C51: ='Приборы учета'!G156 -> 3.779 | D51: =C51-B51 -> 2.289
A52: ='Приборы учета'!$C$159 -> 10968583 | B52: ='Приборы учета'!F159 -> 1.345 | C52: ='Приборы учета'!G159 -> 1.345 | D52: =C52-B52 -> 0
A53: ='Приборы учета'!$C$162 -> 11466678 | B53: ='Приборы учета'!F162 -> 151.06 | C53: ='Приборы учета'!G162 -> 151.536 | D53: =C53-B53 -> 0.476
A54: ='Приборы учета'!$C$165 -> 11466873 | B54: ='Приборы учета'!F165 -> 0.015 | C54: ='Приборы учета'!G165 -> 0.015 | D54: =C54-B54 -> 0
A55: ='Приборы учета'!$C$168 -> 10971715 | B55: ='Приборы учета'!F168 -> 6.102 | C55: ='Приборы учета'!G168 -> 6.102 | D55: =C55-B55 -> 0
A56: ='Приборы учета'!$C$171 -> 11466859 | B56: ='Приборы учета'!F171 -> 8.93 | C56: ='Приборы учета'!G171 -> 10.418 | D56: =C56-B56 -> 1.488
A57: ='Приборы учета'!$C$174 -> 23_10971789 | B57: ='Приборы учета'!F174 -> 3.24 | C57: ='Приборы учета'!G174 -> 3.24 | D57: =C57-B57 -> 0
A58: ='Приборы учета'!C181 -> 11466682 | B58: ='Приборы учета'!F181 -> 0.08 | C58: ='Приборы учета'!G181 -> 0.08 | D58: =C58-B58 -> 0
A59: ='Приборы учета'!C182 -> 11466814 | B59: ='Приборы учета'!F182 -> 0.05 | C59: ='Приборы учета'!G182 -> 0.05 | D59: =C59-B59 -> 0
A60: ='Приборы учета'!C183 -> 11466734 | B60: ='Приборы учета'!F183 -> 0.058 | C60: ='Приборы учета'!G183 -> 0.058 | D60: =C60-B60 -> 0
A61: ='Приборы учета'!C184 -> 11466850 | B61: ='Приборы учета'!F184 -> 0.584 | C61: ='Приборы учета'!G184 -> 0.584 | D61: =C61-B61 -> 0
A62: ='Приборы учета'!C185 -> 11466738 | B62: ='Приборы учета'!F185 -> 0.278 | C62: ='Приборы учета'!G185 -> 0.278 | D62: =C62-B62 -> 0
A63: ='Приборы учета'!C193 -> 11466673 | B63: ='Приборы учета'!F193 -> 0.039 | C63: ='Приборы учета'!G193 -> 0.039 | D63: =C63-B63 -> 0
A64: ='Приборы учета'!C194 -> 10968495 | B64: ='Приборы учета'!F194 -> 0.043 | C64: ='Приборы учета'!G194 -> 0.043 | D64: =C64-B64 -> 0
A65: ='Приборы учета'!C195 -> 11466736 | B65: ='Приборы учета'!F195 -> 1.163 | C65: ='Приборы учета'!G195 -> 1.163 | D65: =C65-B65 -> 0
A66: ='Приборы учета'!C196 -> 11466857 | B66: ='Приборы учета'!F196 -> 0.212 | C66: ='Приборы учета'!G196 -> 0.212 | D66: =C66-B66 -> 0
A67: ='Приборы учета'!C197 -> 11466750 | B67: ='Приборы учета'!F197 -> 0.418 | C67: ='Приборы учета'!G197 -> 0.675 | D67: =C67-B67 -> 0.257
A68: ='Приборы учета'!C205 -> 23_10978660 | B68: ='Приборы учета'!F205 -> 0.095 | C68: ='Приборы учета'!G205 -> 0.095 | D68: =C68-B68 -> 0
A69: ='Приборы учета'!C206 -> 23_11043803 | B69: ='Приборы учета'!F206 -> 0.175 | C69: ='Приборы учета'!G206 -> 1.272 | D69: =C69-B69 -> 1.097
A70: ='Приборы учета'!C207 -> 23_11030204 | B70: ='Приборы учета'!F207 -> 9.782 | C70: ='Приборы учета'!G207 -> 9.782 | D70: =C70-B70 -> 0
A71: ='Приборы учета'!C208 -> 23_11081964 | B71: ='Приборы учета'!F208 -> 20.532 | C71: ='Приборы учета'!G208 -> 20.532 | D71: =C71-B71 -> 0
A72: ='Приборы учета'!C209 -> 23_10978659 | B72: ='Приборы учета'!F209 -> 0.034 | C72: ='Приборы учета'!G209 -> 0.034 | D72: =C72-B72 -> 0
A73: ='Приборы учета'!C217 -> 23_10971307 | B73: ='Приборы учета'!F217 -> 0.761 | C73: ='Приборы учета'!G217 -> 0.761 | D73: =C73-B73 -> 0
A74: ='Приборы учета'!C218 -> 23_10966647 | B74: ='Приборы учета'!F218 -> 6.592 | C74: ='Приборы учета'!G218 -> 6.913 | D74: =C74-B74 -> 0.321
A75: ='Приборы учета'!C219 -> 23_10971333 | B75: ='Приборы учета'!F219 -> 0.635 | C75: ='Приборы учета'!G219 -> 0.635 | D75: =C75-B75 -> 0
A76: ='Приборы учета'!C220 -> 23_10971339 | B76: ='Приборы учета'!F220 -> 0.311 | C76: ='Приборы учета'!G220 -> 0.311 | D76: =C76-B76 -> 0
A77: ='Приборы учета'!C221 -> 23_10966640 | B77: ='Приборы учета'!F221 -> 0.069 | C77: ='Приборы учета'!G221 -> 0.069 | D77: =C77-B77 -> 0
A78: ='Приборы учета'!C229 -> 23_11466570 | B78: ='Приборы учета'!F229 -> 0.662 | C78: ='Приборы учета'!G229 -> 0.669 | D78: =C78-B78 -> 0.007
A79: ='Приборы учета'!C230 -> 23_10966572 | B79: ='Приборы учета'!F230 -> 2.838 | C79: ='Приборы учета'!G230 -> 10.766 | D79: =C79-B79 -> 7.928
A80: ='Приборы учета'!C231 -> 23_11466844 | B80: ='Приборы учета'!F231 -> 0.159 | C80: ='Приборы учета'!G231 -> 0.159 | D80: =C80-B80 -> 0
A81: ='Приборы учета'!C232 -> 23_11466870 | B81: ='Приборы учета'!F232 -> 0.243 | C81: ='Приборы учета'!G232 -> 0.243 | D81: =C81-B81 -> 0
A82: ='Приборы учета'!C233 -> 23_11466576 | B82: ='Приборы учета'!F233 -> 0.037 | C82: ='Приборы учета'!G233 -> 0.037 | D82: =C82-B82 -> 0
A83: ='Приборы учета'!C241 -> 23_11466573 | B83: ='Приборы учета'!F241 -> 0.815 | C83: ='Приборы учета'!G241 -> 0.815 | D83: =C83-B83 -> 0
A84: ='Приборы учета'!C242 -> 23_11032665 | B84: ='Приборы учета'!F242 -> 17.976 | C84: ='Приборы учета'!G242 -> 27.617 | D84: =C84-B84 -> 9.641
A85: ='Приборы учета'!C243 -> 23_11466813 | B85: ='Приборы учета'!F243 -> 0.326 | C85: ='Приборы учета'!G243 -> 0.326 | D85: =C85-B85 -> 0
A86: ='Приборы учета'!C244 -> 23_11466820 | B86: ='Приборы учета'!F244 -> 0.713 | C86: ='Приборы учета'!G244 -> 0.713 | D86: =C86-B86 -> 0
A87: ='Приборы учета'!C245 -> 23_11466564 | B87: ='Приборы учета'!F245 -> 0.261 | C87: ='Приборы учета'!G245 -> 0.267 | D87: =C87-B87 -> 0.006
A88: ='Приборы учета'!C253 -> 23_10980025 | B88: ='Приборы учета'!F253 -> 0.474 | C88: ='Приборы учета'!G253 -> 0.474 | D88: =C88-B88 -> 0
A89: ='Приборы учета'!C254 -> 23_10975536 | B89: ='Приборы учета'!F254 -> 0.52 | C89: ='Приборы учета'!G254 -> 0.52 | D89: =C89-B89 -> 0
A90: ='Приборы учета'!C255 -> 23_11034883 | B90: ='Приборы учета'!F255 -> 0.115 | C90: ='Приборы учета'!G255 -> 0.115 | D90: =C90-B90 -> 0
A91: ='Приборы учета'!C256 -> 23_10979158 | B91: ='Приборы учета'!F256 -> 0.386 | C91: ='Приборы учета'!G256 -> 0.386 | D91: =C91-B91 -> 0
A92: ='Приборы учета'!C257 -> 23_11466856 | B92: ='Приборы учета'!F257 -> 0.018 | C92: ='Приборы учета'!G257 -> 0.018 | D92: =C92-B92 -> 0
A93: ='Приборы учета'!C265 -> 11031545 | B93: ='Приборы учета'!F265 -> 0.1 | C93: ='Приборы учета'!G265 -> 0.364 | D93: =C93-B93 -> 0.264
A94: ='Приборы учета'!C266 -> 10971018 | B94: ='Приборы учета'!F266 -> 0.433 | C94: ='Приборы учета'!G266 -> 12.027 | D94: =C94-B94 -> 11.594
A95: ='Приборы учета'!C267 -> 10983826 | B95: ='Приборы учета'!F267 -> 0.339 | C95: ='Приборы учета'!G267 -> 0.339 | D95: =C95-B95 -> 0
A96: ='Приборы учета'!C268 -> 11031805 | B96: ='Приборы учета'!F268 -> 0.076 | C96: ='Приборы учета'!G268 -> 0.076 | D96: =C96-B96 -> 0
A97: ='Приборы учета'!C269 -> 10979155 | B97: ='Приборы учета'!F269 -> 0.058 | C97: ='Приборы учета'!G269 -> 0.058 | D97: =C97-B97 -> 0
A98: ='Приборы учета'!C277 -> 11039696 | B98: ='Приборы учета'!F277 -> 0.078 | C98: ='Приборы учета'!G277 -> 0.159 | D98: =C98-B98 -> 0.081
A99: ='Приборы учета'!C278 -> 11039708 | B99: ='Приборы учета'!F278 -> 0.737 | C99: ='Приборы учета'!G278 -> 0.794 | D99: =C99-B99 -> 0.057
A100: ='Приборы учета'!C279 -> 11078041 | B100: ='Приборы учета'!F279 -> 0.113 | C100: ='Приборы учета'!G279 -> 0.113 | D100: =C100-B100 -> 0
...
